;Land der Gastinstitution;Gastinstitution;Studienjahr;Fakultaet;Studiengang;Verfasser-ID;Vorbereitung;Unterkunft;Studium;Freizeit;Budget;Finanzierung;Kurswahl;Fazit;url;downloaded
0;Spanien;ESVALENCI01 - Universitat de Valencia;2016/2017;-;Fakultät für Betriebswirtschaftslehre - BWL;Betriebswirtschaftslehre, Bachelor - BWL_B_BWL;"Nachdem man die Zusage für seinen Platz an der Universität von Valencia bekommen hat, dauert es ziemlich lange bis man Informationen von der Gasthochschule bekommt.
Die Nominierung von der Uni Mannheim erfolgte Mitte Juni und kurz darauf habe ich die ersten Emails von der Uni Valencia bekommen mit dem Academic Offer sowie weiteren Schritten zur Bewerbung. Die Bewerbung erfolgt online in dem Portal der Uni Valencia, für welches man eine Emailadresse sowie ein Passwort von der Uni zugeschickt bekommt.
Man muss bei der Bewerbung den Personalausweis, ein Foto und einen Beweis der Versicherung (zum Beispiel die European Health Insurance Card) hochladen.
Der ganze Prozess dauert eine Weile, daher kam meine Annahmebestätigung an der Universität erst Ende Juli.
Man muss außerdem eine Provisional Course Registration ausfüllen. Die endgültigen Kurse bekommt man aber erst am ersten Tag an der Uni Valencia mitgeteilt.";"Noch in Deutschland bin ich vielen Erasmus Valencia Gruppen in Facebook beigetreten und habe mir einige Wohnungsanzeigen angeguckt. Ich habe mich allerdings schnell entschieden, erst vor Ort richtig mit der Wohnungssuche zu beginnen, was eine richtige Entscheidung war. Man sollte sich bevor man irgendeiner Wohnung zusagt diese genau ansehen. Viele Wohnungen entsprechen kaum den Bildern aus den Anzeigen.
In den ersten Tagen kann man sich für die Wohnungssuche ein Hostel oder Hotel in der Innenstadt von Valencia buchen. 
Die Wohnungssuche erfolgt über Facebook oder Whatsapp. Man kann allerdings auch zu den Büros von Erasmus Organisationen gehen und sich dort Wohnungen ansehen.
Ich habe meine Wohnung schließlich über eine Facebookanzeige gefunden. 
Man sollte auf keinen Fall den Mut verlieren und nicht die erst beste Wohnung nehmen. Ich habe schließlich nach 2 Tagen Wohnungssuche schon eine passende gefunden.
Meine monatliche Miete betrug 240 € plus anfallende Nebenkosten. Die Nebenkosten betrugen zwischen 40 bis 60 €, im Winter waren die Rechnungen höher.
Leider gibt es in den meisten Wohnungen keine Heizung und ab November ist es in der Wohnung genauso kalt wie draußen. Deswegen würde ich auf jeden Fall empfehlen, immer nachzufragen ob eine Heizung in der Wohnung vorhanden ist.
Für die Lage der Wohnung würde ich vor allem die Umgebung Blasco Ibáñez empfehlen. Hier wohnen die meisten Austauschstudenten und man hat es nicht weit zu vielen Restaurants, Bars und Clubs. Außerdem ist der Campus Tarongers (BWL) nur 10 Minuten zu Fuß entfernt.
Der Strand sowie die Innenstadt sind mit dem Fahrrad ebenfalls nur 15 Minuten entfernt.
Es gibt auch Wohnungen in der Innenstadt, allerdings sind diese meist teurer und man braucht etwas länger bis zur Uni.
Wenn man Spanisch lernen will, würde ich empfehlen, mit Spanischen Mitbewohnern zusammenzuziehen. Ansonsten lernt man während seiner Zeit in Valencia vor allem Erasmus Leute kennen und spricht so meistens Englisch.";"Das Herbst/Wintersemester in Valencia geht von Mitte September bis Ende Januar.
Die Klausuren werden hauptsächlich im Januar geschrieben.
Der Campus Tarongers (BWL) ist überschaubar und verfügt über eine Bibliothek und zwei Mensas. 
Man kann sich seine Kurse aus dem umfangreichen Academic Offer raussuchen, welches man noch in Deutschland zugeschickt bekommt. Ich habe mich auf ältere Erfahrungsberichte verlassen und selbige Kurse gewählt wie vorherige Austauschstudenten.
Ich habe alle Kurse auf Englisch belegt, da ich kaum Spanisch sprechen konnte.
Der Unialltag ist sehr unterschiedlich zu dem in Mannheim, viele Kurse haben Anwesenheitslisten. Oft wird mündliche Beteiligung als Teil der Endnote bewertet und regelmäßig muss man Präsentationen und Hausarbeiten schreiben.
Neben vier BWL Kursen konnte ich mir zudem einen Sprachkurs am Centre D’idiomes der Uni Valencia anerkennen lassen. Dieser Kurs hat mir geholfen, mein Spanisch zu verbessern. Auch hier schreibt man eine normale Klausur am Ende des Semesters sowie mehrere kleine Tests zwischendurch. 
Man wird durch einen Einstufungstest dem passenden Sprachlevel zugeteilt und der Kurs beginnt dann erst Mitte Oktober.
Die Sprachschule befindet sich nicht auf einem Uni Campus sondern befindet sich neben dem Stadium Mestalla in Valencia, dies befindet sich ebenfalls an der Blasco Ibáñez Straße.";"Valencia ist eine wunderschöne, historische Stadt direkt am Mittelmeer.
Das Wetter war von August bis Oktober sehr gut, so dass man noch im Oktober im Meer schwimmen konnte.
Der Strand Playa de la Malvarrosa ist groß und sauber und befindet sich nur 10 Minuten von der Uni entfernt.
Ich würde jedem empfehlen sich in den ersten Tagen ein Valenbisi Abo zu machen, vergleichbar mit Nextbike in Mannheim.
Der Strand, die Innenstadt und Uni sind mit dem Fahrrad schnell zu erreichen und man findet überall Fahrradstationen.
Die Altstadt von Valencia ist faszinierend und in direkter Umgebung befinden sich Einkaufsmöglichkeiten (die größte Einkaufsstraße ist Calle Colón).
Auch das Archäologische Museum hat mi sehr gut gefallen und ist einen Besuch wert.
Ein weiterer Teil von Valencia ist die Ciudad de las Artes y de las Ciencias. Hier findet man beeindruckende Gebäude und auch den wohl bekanntesten Club von Valencia, L'Umbracle Terraza.
Die Preise in Bars und Restaurants sind oft viel geringer als in Deutschland.
Zum Essen gehen gibt es unzählige Möglichkeiten, besonders Tapas und Paella Restaurants gibt es überall, und auch hier sind die Preise sehr gering.";-;-;"35906 Change and Innovation Management: Angenehmer Kurs, in dem man über das Management von innovativen Unternehmen lernt, mit sehr freundlicher Professorin. Mitarbeit und Anwesenheit machen 50 % der Note aus, die restlichen 50% sind die Endklausur.

35924 International Negotiation: Man lernt über das erfolgreiche Verhandeln in Unternehmen mit Fokus auf kulturellen Unterschieden. 30% der Note ist Mitarbeit sowie 2 simulierte Gruppen-Verhandlungen. Die restlichen 70% sind eine Multiple Choice Endklausur mit 20 Fragen, welche allerdings nicht unterschätzt werden sollte.

35881 Economy of the European Union: Mein anspruchsvollster und interessantester Kurs. Eine Midterm Klausur und eine Gruppenpräsentation machen 30% der Endnote aus, die restlichen 70% kommen durch die Endklausur zustande.

35917 International Business Valuation: Man lernt unterschiedliche Methoden der Bewertung von Unternehmen kennen. Dieser Kurs ist mit dem Vorwissen aus Mannheim gut zu meistern. 20% der Note sind ein Report, in dem man ein Unternehmen bewerten muss und 80% der Note macht die Endklausur aus.

Spanischkurs an dem Centre d'Idiomes: Ich wurde in das Level A1+ eingeteilt. Guter Sprachkurs, welcher in Mannheim mit 6 ECTS angerechnet wird (Update Januar 2023: die Anrechnung eines Sprachkurses am Centre d'Idiomas mit 6 ECTS ist leider nicht mehr möglich.). Bei meiner sehr freundlichen Professorin (Vanessa) habe ich hier viel Spanisch lernen und auch anwenden können. Die Endklausur fragt alles in dem Semester Gelernte ab. Ich würde diesen Kurs empfehlen, wenn man sich Spanisch Grundkenntnisse aneignen möchte.

Alle meine Kurse (bis auf den Sprachkurs) habe ich auf Englisch belegt. Jeder Kurs wird in Mannheim mit 6 ECTS angerechnet.";"Ich werde mein Auslandssemester in Valencia nie vergessen. Die Stadt, der Strand und das gute Wetter haben es zu einem wundervollen Erlebnis gemacht.
Man hat neben der Uni genug Freizeit um die spanische Kultur kennenzulernen und spanisches Essen zu probieren.
Meine beste Erfahrung waren die neuen Freunde, die ich kennengelernt habe, unzählige Besuche in Restaurants und Cafés und natürlich das gute Wetter besonders am Anfang des Auslandssemesters.
Meine schlechteste Erfahrung war die Kälte in der Wohnung im Winter (die meisten spanischen Wohnungen haben keine Heizung).
Das Auslandssemester in Valencia kann ich jedem nur empfehlen denn es war eine wundervolle Zeit.";https://www.service4mobility.com/mannheim/DispQuestionServlet?identifier=MANNHEI01&kz_call=A&sprache=de&org_id=72&q_set_nr=ERFAHRUNGSBERICHT&pk_table_name=bewerbung&pk_name=bew_id&inst_id_logo=413686&use_jsp=1&pk_id=211231&bew_id=211231;2024-04-21 23:30:26.808557
1;Spanien;ESVALENCI01 - Universitat de Valencia;2016/2017;-;Fakultät für Betriebswirtschaftslehre - BWL;Betriebswirtschaftslehre, Bachelor - BWL_B_BWL;"Die Vorbereitungen an der Uni Valencia verliefen ziemlich einfach. Im Juli kam eine Bestätigungsmail der Uni mit einigen Formularen zum Ausfüllen und kurz danach Informationen über die erste Kurswahl. Man bekommt eine Liste mit allen möglichen Kursen, und die Beschreibungen dazu kann man auf der Homepage der Uni finden. Per Email muss dann eine Wahl getroffen werden, hier gilt das first come, first serve Prinzip, weshalb man sich mit der Wahl nicht zu viel Zeit lassen sollte. Man sollte auf jeden Fall darauf achten, dass sich die Kurse zeitlich nicht überschneiden, da die Uni das nicht überprüft. Außerdem sollte man am besten mehr als die nötigen 5 Kurse angeben, weil man im Notfall immer noch aus einem Kurs austreten kann. Da man keine Rückmeldung auf die Kurswahl bekommt, muss man sich bis zum Semesterstart in Valencia gedulden, um zu erfahren, ob man alle gewählten Kurse bekommen hat. In den ersten Wochen nach Vorlesungsbeginn gibt es aber nochmal eine ca. 10-tägige Phase in der Kurse getauscht und neu gewählt werden kommen. 
Einige Wochen vor dem Semesterstart erhält man von der Uni noch weitere Informationen zum Beispiel über den Termin der Einführungsveranstaltungen. Diese finden in der Woche vor den ersten Vorlesungen statt. Zu diesen Infoveranstaltungen sollte man auf jeden Fall gehen, da hier nicht nur allgemeine Infos gegeben, sondern auch die Studentenausweise, das Certificate of Arrival und die Stundenpläne mit den zugeteilten Kursen ausgegeben werden.
Die Anreise nach Valencia ist von vielen deutschen Flughäfen möglich, und durch Ryanair auch ziemlich günstig. Der Flughafen in Valencia liegt nicht sehr weit aus der Stadt entfernt, und man kann einfach mit der Metro für knapp 5Euro eine halbe Stunde, oder für ca. 20Euro mit dem Taxi in die Stadt fahren.";Die Wohnungssuche in Valencia erweist sich als ziemlich einfach. Man sollte sich am besten für die ersten Tage ein Hostel in der Stadt suchen, um dann vor Ort nach einer Wohnung zu schauen. Ich bin ungefähr zwei Wochen vor Semesterbeginn angereist und habe innerhalb von 3 Tagen eine Wohnung gefunden.  Am einfachsten ist es, wenn man sich als erstes eine spanische Sim-Karte besorgt (MásMovil, Yoigo, Orange,..), um dann leicht mit den Vermietern in Kontakt zu treten. Bei Más Movil gibt es zum Beispiel eine Prepaid Karte mit internationalen Tarifen mit Freiminuten nach Deutschland. Wohnungsinserate findet man zum Beispiel in Erasmus-Gruppen auf Facebook oder Websites wie www.idealista.com oder pisocompartido.com. Die meisten Vermieter geben Handynummern an, da sollte man entweder direkt anrufen oder sich per WhatsApp melden. Die Wohnungsbesichtigung findet dann meistens noch am gleichen oder darauffolgenden Tag statt und auch danach geht alles ganz schnell. Da zu Semesterbeginn viele Studenten eine neue Unterkunft suchen, sollte man sich schnell entscheiden und endgültig zusagen. Die meisten Vermieter verlangen hierzu die Zahlung einer Kaution in Höher einer Monatsmiete. Allerdings rate ich jedem sich nicht voreilig zu entscheiden und zumindest ein paar verschieden Wohnungen anzuschauen, um sich ein Bild zu machen, was man erwarten kann.Die Mieten variieren hier zwischen 200 und 300 Euro für ein Zimmer in einer WG mit Nebenkosten (das wird meistens in bar gezahlt). Die Nebenkosten können im Winter recht hoch werden, da man meistens keine Heizung hat und daher viel Strom zum heizen verbraucht. Allerdings rate ich jedem, nach einer Wohnung mit Heizung oder zumindest Klimaanlage zu suchen, die man dann im Winter auch zum wärmen benutzen kann. Da die Wände der Häuser sehr dünn und die Fenster schlecht bis gar nicht isoliert sind, kann es in der Wohnung ab November schon richtig kalt und ungemütlich werden. Alternativ heizen viele mit kleinen elektrischen Heizungen, die jedoch auch sehr viel Strom verbrauchen.Die meisten Studenten leben am „Blasco Ibanez“, eine Gegend in der Nähe des Campus Tarongers, mit vielen Restaurants, Bar und Clubs. Hier wird einem an Erasmus-Programm sehr viel geboten und es ist immer etwas los. Die Gegend ist sehr gut gelegen, man nicht lange zum Campus braucht, und den Strand und die Stadt in jeweils ca 10 Minuten mit dem Rad erreicht. Ansonsten bieten sich auch die Gegenden Ruzafa oder Benimaclet an. Diese sind zwar etwas weiter von der Uni entfernt, mit dem Fahrrad jedoch gut zu erreichen. Einige Studenten leben auch in der Innenstadt. Meines Wissens nach sind die Wohnungen dort jedoch etwas teurer und der Weg zur Uni mit dem Fahrrad ca 15-20 Minuten. Meiner Erfahrung nach spielt sich das meiste Studentenleben jedoch am Blasco Ibanez ab, daher war dies für mich die perfekte Wohngegend.;"Alles in Allem muss ich schon sagen, dass man den spanischen „Lifestyle“ an der Uni sehr stark bemerkt hat. Alles ist ein bisschen durcheinander und unorganisiert, sowohl die Organisation der Uni als auch der Unterricht. Wenn man sich aber ein bisschen daran gewöhnt hat und beharrlich nachfragt, bekommt man alle wichtigen Informationen zusammen und sollte keine Probleme im Studienalltag haben.

An der Uni Valencia stehen viele Kurse in allen möglichen Fachbereichen zur Auswahl, dabei wird auch ein Großteil der Kurse auf Englisch angeboten. Das Englisch der Professoren ist zwar nicht perfekt, meiner Erfahrung nach jedoch gut verständlich. Da ich alle Kurse auf Englisch gemacht habe, kann ich leider nicht sagen, welches Sprachniveau für die spanischen Kurse benötigt wird, allerdings gibt es viele Erasmus-Studenten die Kurse auf Spanisch gewählt haben und damit zurechtgekommen sind. Im allgemeinen ist das Niveau der Kurse auf jeden Fall niedriger als in Mannheim. In den meisten Fächern wird nicht so viel Stoff behandelt und es ist auch vom Schwierigkeitsgrad her einfacher. Trotzdem sollte man die Kurse nicht unterschätzen, da viele Professoren neben der Endklausur auch Mitarbeit, Präsentationen und kleinere Hausarbeiten benoten, können einige Kurse viel Arbeit erfordern. Die Kurse sind viel kleiner als in Mannheim (ca. 30 - 80 Personen), daher besteht auch ein viel engeres Verhältnis zwischen den Studenten und den Professoren. Wie in Mannheim gibt es in jedem Fach eine theoretische Vorlesung und eine Übungsstunde. Da beide Stunden jedoch von dem Professor gehalten werden, sind Theorie und Praxis nicht immer ganz klar getrennt.
Ähnlich wie in Mannheim startet das Semester in Valencia Mitte September und die Vorlesungszeit dauert bis kurz vor Weihnachten. In der zweiten Januarwoche beginnt dann die Klausurenphase und geht bis Ende Januar.
Auf dem Tarongers Campus gibt es eine Bibliothek mit Einzel- und Gruppenarbeitsplätzen und auch in der Uni selbst sind einige Arbeitsplätze vorhanden. Es gibt keine „richtige“ Mensa, dafür aber mehrere Cafeterias, in denen man belegte Brote oder kleine warme Gerichte bestellen kann. Die Preise hier sind jedoch über den Mensa-preisen die man aus Mannheim gewöhnt ist. Um den Campus herum gibt es jedoch einige Cafés und Restaurants in denen man sich in der Mittagspause günstig ein ganzes Menü kaufen kann (2Gänge mit Getränk und Kaffee/Nachtisch für 10Euro). 
Auch wenn man die Kurse an der Uni auf Englisch wählt, sollte man natürlich versuchen während dem Aufenthalt sein Spanisch zu verbessern oder es zu lernen. Hierzu gibt es verschiedene Möglichkeiten. Zum einen gibt es viele Sprachschule in der ganzen Stadt die Kurse anbieten. Auch die Erasmus-Organisationen wie „HappyErasmus“, „ErasmusLife“, etc. bieten Kurse auf verschiedenen Levels und zu günstigen Preisen an. Außerdem kann man einen Sprachkurs am „Centre d´idiomes“ belegen. Da dies zur Uni gehört, kann der Kurs in Mannheim angerechnet werden. Um sich für einen solchen Kurs anzumelden mussten wir uns dort Anfang/Mitte September zu einem Einstufungstest anmelden und wurden dann einem Kurs zugeteilt. Auch wenn die Sprachschule zur Uni gehört, unterscheiden sich die Semesterzeiten (Oktober - Anfang Februar), sowie die Vorlesungszeiten, was die Organisation etwas erschwert. Am besten geht man Anfang September dort im Büro vorbei und fragt nach, die Mitarbeiter sind sehr nett und hilfsbereit.";"Valencia ist eine tolle Stadt, die sehr viel zu bieten hat. Neben einer tollen Altstadt gibt es einen großen Strand und viele kulturelle Angebote. Außerdem ist es eine gute Ausgangslage für verschiedene Ausflüge und Reisen.
Zuerst würde ich jedem empfehlen ein Valenbici-Abo abzuschließen, um flexibel in der Stadt unterwegs zu sein. Das ist ein Fahrrad-Sharing Angebot mit vielen Stationen, welche durch die ganze Stadt verteilt sind. Ein solches Abo kostet 30€ für ein Jahr. Man kann damit immer eine halbe Stunde kostenlos fahren und stellt das Rad dann in einer der freien Stationen ab. Am besten kauft man sich in einem Tobacco-Laden eine Metro-Karte und bucht sich dann im Internet das Valenbici-Konto auf die Metrokarten-Nummer. 
Der Transport innerhalb der Stadt ist allgemein sehr billig, eine 10er-Karte für die Metro und den Bus kostet ca. 8€. 

Das Wetter in Valencia ist meistens typisch spanisch sonnig. Leider gab es entgegen den letztjährigen Berichten dieses Jahr sehr viel Regen und Unwetter. Da die meiste Zeit jedoch trotzdem die Sonne scheint, kann man immer viel draußen unternehmen, wie zum Beispiel im „Turia Park“ zu spazieren, die Stadt zu erkunden oder bis Ende Oktober problemlos an den Strand zu gehen. 

Da Valencia eine beliebte Erasmus-Stadt ist, gibt es immer etwas zu tun und man lernt leicht andere Studenten kennen.
Viele Organisationen veranstalten Partys, Internationale Dinner, Tagesausflüge und Reisen, jedoch hat Valencia auch eine perfekte Ausgangslage, um privat  Reisen zu unternehmen. So war ich zum Beispiel in Madrid und Barcelona (mit dem Bus ca. 3 Stunden) und mit HappyErasmus auf einem 5-tägigen Trip in Andalusien. Außerdem werden auch Reisen nach Marokko, Ibiza, Portugal und Nordspanien angeboten. 
In Valencia wird es einem nie langweilig! Man kann immer eine neue Bar oder ein Restaurant erkunden, am Strand Beachvolleyball spielen, Sightseeing betreiben oder mit neu gefundenen Freunden ein Bier im Park trinken gehen.";-;-;"35894 / International Finance / 6 ECTS / Anerkannt / Englisch
Der Kurs geht vor allem um das Absichern von Währungsrisiken. Die Vorlesung ist inhaltlich interessant und nach den besuchten Finance-Kursen in Mannheim auch vom Niveau her gut machbar. Die Organisation im Unterricht ist teilweise ein bisschen chaotisch und auch der Professor ist teilweise typisch spanisch ein bisschen unorganisiert, allerdings sehr hilfsbereit und kompetent. Die Klausur ist inhaltlich nicht ganz einfach (besteht aus Multiple Choice und Rechenaufgaben), da man aber viel Zeit zur Bearbeitung hat, ist eine gute Note mit angemessenem Arbeitsaufwand auf jeden Fall möglich.

35881 / Economies of the European Union / 6 ECTS / Anerkannt
Interessanter Kurs über verschiedene Aspekte der Wirtschaft in der EU. Der Kurs ist inhaltlich sehr ausführlich und die Klausurvorbereitung recht aufwändig. Zusätzlich zählt eine Midterm Klausur (15%) und eine Präsentation (15%) in die Endnote hinein. 
Recht hoher Arbeitsaufwand aber inhaltlich sehr interessant und faire Benotung. 

35917 /International Business Valuation / 6 ECTS / Anerkannt
Wurde in unserem Semester von einem Vertretungsprofessor gehalten. Inhaltlich geht es um verschiedene Bewertungsmethoden für Firmen, die auch in einem Projekt teilweise praktisch angewendet werden. Es war nicht immer einfach dem Unterricht zu folgen, aber die Klausur und das Projekt (20%) wurden fair bewertet.

35895 / International Financial Markets / 6 ECTS / Anerkannt
Sehr arbeitsaufwändiger Kurs über ein breites Spektrum an Inhalten über die internationalen Finanzmärkte. Der Professor ist kompetent, schweift jedoch gerne vom Thema ab. Da es in diesem Kurs keinerlei Unterrichtsmaterialien gibt, ist es sehr zeitaufwändig all die nötigen Informationen zur Klausurvorbereitung aus den Büchern zu erarbeiten. Die Klausurvorbereitung ist auf jeden Fall mit Mannheim zu vergleichen, wenn man sich jedoch fleißig dransetzt ist eine gute Note auf jeden Fall erreichbar. Eine Präsentation zählt 30% der Endnote und für Anwesenheit sowie den Besuch von außeruniversitären Vorträgen gibt es Extra-Punkte. 

Spanisch Kurs am Centre d´Idiomes / 6 ECTS / Anerkannt (Update Januar 2023: die Anrechnung eines Sprachkurses am Centre d'Idiomas mit 6 ECTS ist leider nicht mehr möglich.)
Ich habe einen Kurs im Level A2 besucht. Der Kurs findet 2 mal wöchentlich je 2 Stunden statt und beinhaltet die grammatikalischen Konzepte des entsprechenden Kursniveaus. Inhaltlich war ich von dem Kurs jedoch etwas enttäuscht, da es auch hier alles ziemlich chaotisch abgelaufen ist. Man kann den Kurs auf jeden Fall nicht damit vergleichen wie man zum Beispiel in der Schule eine Sprache gelernt hat, da zum Beispiel keinerlei Vokabeln gelernt wurden. 
Die Klausur besteht am Ende aus vielen verschiedenen Teilen (mündlich, schriftlich, Hörverstehen, Grammatik, etc.) und ist ziemlich anspruchsvoll.";"Die schlechteste Erfahrung meines Semesters in Valencia war wohl das Klima im Winter. Obwohl es draußen meistens angenehme 15Grad hatte, war es in der Wohnung immer richtig kalt. Das hatte ich am Anfang sehr unterschätzt und habe trotz Klimaanlage, die quasi im Dauerbetrieb zum wärmen lief, sehr gefroren. Das hat leider vor allem an regnerischen Tagen und der Klausurenphase die Stimmung gedrückt.
Die beste Erfahrung sind all die neuen Freunde, die Möglichkeit das Land zu bereisen und das leckere Essen. Hier empfehle ich die besten Tapas der Welt bei „Tanto Monta“ in der Carrer del Poeta Artola. Die muss man einfach probieren!!!
Alles in Allem ist Valencia eine tolle Stadt in der ihr auf jeden Fall ein super Auslandssemester verbringen werdet!";https://www.service4mobility.com/mannheim/DispQuestionServlet?identifier=MANNHEI01&kz_call=A&sprache=de&org_id=72&q_set_nr=ERFAHRUNGSBERICHT&pk_table_name=bewerbung&pk_name=bew_id&inst_id_logo=413686&use_jsp=1&pk_id=211159&bew_id=211159;2024-04-21 23:30:28.445144
2;Vereinigtes Königreich;GBHULL01 - University of Hull;2016/2017;-;Fakultät für Betriebswirtschaftslehre - BWL;Betriebswirtschaftslehre, Bachelor - BWL_B_BWL;"Nach dem Eintreffen des offiziellen Nominierungsbescheids der Uni Mannheim, hat man relativ zeitnah eine erste Nachricht von der University of Hull erhalten. Nach dem ersten Kontakt und erhalt der notwendigen Unterlagen ist zunächst das restliche Semester wenig Organisation gefragt. Nächster wichtiger organisatorischer Schritt, mit dem die Uni Hull auf dich zukommt, ist die Wohnungssuche. Hier hast du die Möglichkeit dich auf einen Wohnheims Platz zu bewerben - was ich nur empfehlen kann. Hier erhält man jedoch erst relativ kurzfristig eine Vergabe Bestätigung (August), jedoch wird fast allen Austauschstudenten ein Platz gewährt. 
Die Vorlesungen fangen vor Ort zumeist erst Anfang Oktober an, jedoch fand bereits eine Woche vorher (letzte September Woche) das ""Welcome Fest"" an, eine Woche voller Einführungsveranstaltungen, „Kennenlern-Events“ und den ersten (und besten) Uni Partys (im Uni Club: Asylum). Vor allem die ""Official Welcome Party"" am Samstag ist zu empfehlen, da hier Special Guests geladen werden mit live Performance und alle Studenten aller Semester angekommen sind (und nicht nur die Erstis). 
Ich konnte bereits ab dem 21.09.2016 mein Zimmer im Wohnheim (The Lawns) beziehen und bin auch zu diesem Zeitpunkt angereist um die Möglichkeit zu haben die Stadt und umliegende Städte (York, Leeds) zu besichtigen und mein Zimmer wohnlich zu machen. 
Die meisten sind von Deutschland aus nach Manchester geflogen (mit Ryanair günstig ab 14€) und dann von dort mit dem Zug zum Hull Interchange (je nach Buchungszeitpunkt zwischen 14 und 50 Pound). Es besteht allerdings auch die Möglichkeit mit dem Zug komplett von Deutschland nach Hull zu fahren (über London & Paris). Ich selbst bin mit dem Auto angereist, da ich zuvor noch 4 Wochen mit Freunden durch Südengland & Wales gereist bin (sehr zu empfehlen für alle Landschafts- und Sight-Seeing-Liebhaber).";"Wie oben schon kurz erwähnt, meldet sich die Uni im Laufe des 4. Semesters bei dir per Mail mit einem Formular, mit dem du dich auf einen Wohnheimsplatz bewerben kannst. Die Auswahlmöglichkeiten sind hier relativ begrenzt: man wird lediglich nach seinem Charakter (introvertiert/extrovertiert) gefragt und ob man Unterkunft mit Essen oder ohne (self-catered) haben möchte. Danach wird man von der Uni einem Wohnheim zugeteilt. 
Ich selbst (und ca. 80% aller anderen Austauschstudenten) bin in ""The Lawns"" untergekommen. Einer idyllischen Studentensiedlung im Kleinstädtchen Cottingham, 10 Minuten von der Uni entfernt. 
In ""The Lawns"" gibt es verschiedene Gebäudekomplexe, ich habe in ""Ferens Hall"" gewohnt - einem u-förmigem typisch englischem roten Backstein-Gebäude. Hier wohnen jeweils 5 Studenten auf einem Flur zusammen und teilen sich Bad und Küche. Die Zimmer sind relativ geräumig und mit dem notwendigsten ausgestattet (Einbauschrank, Schreibtisch, Stuhl, 90cm-Bett). Die Miete liegt bei ungefähr 400 Euro pro Monat mit Essen (Abends) und Busticket. 
Essen gibt es im neu gebauten ""Lawns Center"". Neben der Kantine im 1.OG, verfügt das Center über Rezeption mit Post Office, Fitnesscenter (90€ fürs Semester), Waschraum, und einem Pub mit Studi-Preisen. Das Essen ist für englische Verhältnisse gut und es empfiehlt sich auf jeden Fall diese Option (half-catered) wahrzunehmen, da die Küchen im Wohnheim nicht ausgestattet sind und deshalb Pfannen/Töpfe/weitere Kochutensilien erst angeschafft werden müssen. Zudem ist es fast nicht möglich sich in England für 2,70€ etwas einigermaßen gesundes zu kochen!
Während meiner Zeit in Hull, war die Lawns Haupttreffpunkt für Studenten und beste Möglichkeit Kontakte zu knüpfen (neben dem Beitritt einer Sportgruppe s.u.). Hier hat fast jeden Abend in irgendeiner Küche eine „Kitchen-Party“ stattgefunden, wo man sich ohne wenn und aber anschließen konnte. Man hatte gleichzeitig aber auch die Möglichkeit sich ungestört in seine „4-Wände“ zurückzuziehen. 
Neben den Lawns sind vor allem die Student Houses in der Cranbrook-Avenue direkt hinter der Universität zu empfehlen, aufgrund ihrer Nähe zur Uni (2min) und zur „Party-Meile“ Newland Avenue (5 min) wodurch man dem Problem der frühmorgendlichen Taxi-Bestellung oder den letzten Bus zu bekommen aus dem Weg geht! Es besteht außerdem die Möglichkeit, sich selbst eine Unterkunft zu suchen. Das haben vor allem die 3rd Year Students gemacht; von den Austauschstudenten kenne ich keinen der sich selbst eine Unterkunft gesucht hat. Aber falls du dies in Erwägung ziehen solltest, halte Ausschau in der Nähe von der Newland oder Cranbrook Avenue.";"Das Studium an der University of Hull ist deutlich entspannter wie in Mannheim. Dies ist zum einen auf die geringere Kursanzahl zurückzuführen (man muss nur 3 Kurse belegen) und auf die Verteilung des Arbeitsaufwands über das Semester hinweg. Ein weiterer Punkt, der das Lernen in Hull sicher leichter und auch interessanter gestaltet, ist natürlich, dass du dir die Kurse selbst aussuchen kannst (Kurskatalog: https://www.courses.hull.ac.uk/ ; Hinweis: im HWS dürfen nur Kurse mit Kurscode ""S1"" belegt werden)Die Anzahl der Studenten die man pro Woche in der Uni verbringt ist auch deutlich geringer, so kann man pro Kurs mit max. 3*45min Präsenszeit rechnen. Für die meisten Kurse sollte man die Begleitlektüre lesen es geht aber auch ohne. Der Campus ist schön und überschaulich. Neben den typischen red-brick Gebäuden findet man ebenfalls modernere Gebäude, wie z.B. das erst letztes Jahr eröffnete 7-stöckige Bibliothek mit Panorama 360-Grad Sicht auf Hull City, Humber Bridge und Humber River. Die Aussicht lädt förmlich zum Verweilen ein, vor allem im 7.OG wo man bequeme Sessel vorfindet und gerade in den Wintermonaten bereits um 15 Uhr den Sonnenuntergang bewundern kann. So macht ""lib-ben"" sogar Spaß :-)Des Weiteren findet man auf dem Campus zahlreiche Starbucks- und Costa Coffee Cafes eine Pub (Sanctuary) und Bistro (""eats""; beide im Student Union Building).";"Die Uni bietet zahlreiche Möglichkeiten sich zu engagieren oder sportlich zu betätigen. So kannst du dir gleich einen ersten Eindruck über das gesamte Societies und Sport Angebot bei den Fairs in der Welcome Week verschaffen, dort gibt es zahlreiche Auswahlmöglichkeiten (von der Harry Potter Society bis zum Tauch Club). Die Mitgliedschaft in einer Society oder Sport Club empfiehlt sich um mit den Engländern in Kontakt zu treten, da man in den Kursen zum Großteil nur mit Exchange Students zusammen ist, ist dies die beste und einfachste Möglichkeit englische Freundschaften zu schließen. Außerdem sollte man sich mindestens einmal ein ""Sport Social"" anschauen/ bzw. mitmachen. Diese finden immer Mittwochs vor der wöchentlichen Asylum-Party in einem Pub mit dem jeweiligen Sport Team statt. 
Kosteninfo: Für die Aufnahme in eine Society und Sports Club muss man eine Gebühr von ca. 30 Pound entrichten und teilweise kommen wöchentlich nochmal Sportsätten-Nutzungsgebühren von bis zu 5 Pound dazu. 
Der Uni Campus verfügt über ein Fitnesstudio. Hier kann man für 90€/Semester eine Mitgliedschaft erwerben. Lawns Bewohner können dann ebenfalls das Gym im Lawns Center benutzen. 
Hull selbst bietet zahlreiche Shopping Möglichkeiten, Museen und Pubs. Bis ins Zentrum fährt man von der Uni 15-20min und von den Lawns 30min. Deshalb spielt sich das Haupt Studenten- und Partyleben rund um die Newland Avenue ab und man fährt hauptsächlich nur zum Einkaufen in die City. 
Es lohnt sich aber z.B. für ein Frühstück an den Hafen zu fahren, dort findet man nämlich das beste (nicht englische) Frühstück der Stadt bei Thieving Harry's. 
2017 ist Hull ""City of Culture"", worauf die einheimischen und auch die Uni sehr stolz sind. Zahlreiche Renovierungs- und Bauarbeiten wurden deshalb im City Center durchgeführt. Das ganze Jahr über finden deshalb Konzerte und Sonderausstellungen in den Museen statt.
Rund um Hull kann man wunderschöne Ausflüge machen! Für einen Stadtausflug ist York (45min) und Leeds (1:15h) zu empfehlen! Landschaftlich ist vorallem die Küste um Scarborough mit dem Robin Hoods Bay und die Felsklippen bei Flamborough zu empfehlen. Das idyllische Städtchen Whitby ist ebenfalls einen Tages-Ausflug wert, wie auch der umliegende Nationlapark.
Das ""Give it a Go"" Programm der Uni bietet zu dem zahlreiche Ausflüge zu den umliegenden Sights, wie auch Manchester, Liverpool, London, Lake District (sehr sehenswert!) für kleines Geld an!";-;-;"26320 / Consumer and Business Buyer Behavior / 10 ECTS / Ohne Probleme anerkannt / Prüfung: Poster Presentation (Groupwork: nur Erstellung des Posters ohne Präsentation) (30%), Klausur (2h) (70%), wöchentliche kleine Gruppenpräsentation zu Lecture Thema (nicht bewertet) / sehr interessant, begeisterungsfähiger Professor, aber zeitaufwendig aufgrund der wöchentlichen Präsentation, Multiple Choice Klausur gut machbar
26346 / European Business in a Global Context / 10 ECTS / Anerkennung unproblematisch / Prüfung: Essay (2500 Words) (50%), 2h-Klausur mit 2 Essay Fragen (Auswahlmöglichkeit zwischen 6 Fragen) / höchstinteressant, gerade im BREXIT-Hintergrund! Essay anspruchsvoll aber mit ausführlicher Recherche gut machbar! Klausur fair, da relevante Themen im Vorhinein bekannt (Angabe von 6 Themen) und man sich gezielt auf 3-4 Themen vorbereiten kann!
26993 / Advertising and Public Relations / 10 ECTS / Anerkennung unproblematisch / Prüfung: Gruppenarbeit (40%), Erstellung einer Werbekampagne für ein beliebiges Unternehmen/Produkt (60%) / sehr praxisorientierter und interaktiver Kurs, kritisches Hinterfragen der Theorie gefragt, Anwendung der Methodik in den beiden Prüfungsleistungen sehr wichtig! Erstellung der Werbekampagne höchstinteressant und lehrreich, faire Bewertung!";"Hull mag zwar nicht die schönste Stadt in England sein, aber das is nicht entscheidend für die Erfahrungen und unvergesslichen Erlebnisse die man während seinem Semester macht, sondern die Leute! Hull wurde zur ""Second Most Neighbourly City in the U.K."" ausgezeichnet, und bestätigt die Freundlichkeit und Offenheit der Einheimischen. Ohne Frage: Auch du wirst hier eine unvergessliche Zeit haben und Freundschaften fürs Leben schließen!";https://www.service4mobility.com/mannheim/DispQuestionServlet?identifier=MANNHEI01&kz_call=A&sprache=de&org_id=72&q_set_nr=ERFAHRUNGSBERICHT&pk_table_name=bewerbung&pk_name=bew_id&inst_id_logo=413686&use_jsp=1&pk_id=210950&bew_id=210950;2024-04-21 23:31:46.496085
